date,name
2025-01-01,신정
2025-01-27,설날 연휴
2025-01-28,설날
2025-01-29,설날 연휴
2025-01-30,설날 연휴
2025-01-31,년말휴장
2025-03-01,삼일절
2025-05-05,어린이날
2025-05-06,부처님오신날
2025-06-03,현충일
2025-08-15,광복절
2025-10-03,개천절
2025-10-09,한글날
2025-12-25,성탄절
2025-12-31,연말 휴장일
2026-01-01,신정
2026-01-27,설날 연휴
2026-01-28,설날
2026-01-29,설날 연휴
2026-01-30,설날 연휴
2026-03-01,삼일절
2026-05-05,어린이날
2026-05-06,부처님오신날
2026-06-06,현충일
2026-08-15,광복절
2026-09-14,추석 연휴
2026-09-15,추석
2026-09-16,추석 연휴
2026-09-17,추석 연휴
2026-10-03,개천절
2026-10-09,한글날
2026-12-25,성탄절
2026-12-31,연말 휴장일
