"time","price","millisec"
"090023",24415,"0000"
"090023",24395,"0001"
"090037",24415,"0000"
"090038",24425,"0000"
"090040",24420,"0000"
"090041",24425,"0000"
"090042",24420,"0000"
"090054",24450,"0000"
"090055",24465,"0000"
"090058",24430,"0000"
"090058",24460,"0001"
"090100",24475,"0000"
"090100",24435,"0001"
"090102",24495,"0000"
"090110",24475,"0000"
"090111",24500,"0000"
"090114",24440,"0000"
"090117",24495,"0000"
"090129",24490,"0000"
"090133",24450,"0000"
"090134",24485,"0000"
"090148",24490,"0000"
"090148",24485,"0001"
"090152",24490,"0000"
"090155",24485,"0000"
"090159",24455,"0000"
"090201",24445,"0000"
"090202",24485,"0000"
"090219",24455,"0000"
"090236",24450,"0000"
"090237",24440,"0000"
"090237",24450,"0001"
"090313",24447,"0000"
"090315",24450,"0000"
"090329",24447,"0000"
"090332",24450,"0000"
"090334",24445,"0000"
"090340",24447,"0000"
"090341",24445,"0000"
"090342",24447,"0000"
"090343",24445,"0000"
"090344",24447,"0000"
"090354",24450,"0000"
"090358",24445,"0000"
"090358",24450,"0001"
"090406",24447,"0000"
"090407",24450,"0000"
"090416",24447,"0000"
"090418",24450,"0000"
"090426",24447,"0000"
"090429",24450,"0000"
"090431",24447,"0000"
"090432",24450,"0000"
"090433",24452,"0000"
"090436",24445,"0000"
"090436",24450,"0001"
"090452",24445,"0000"
"090454",24450,"0000"
"090455",24445,"0000"
"090456",24450,"0000"
"090456",24445,"0001"
"090501",24450,"0000"
"090502",24445,"0000"
"090504",24447,"0000"
"090506",24450,"0000"
"090511",24445,"0000"
"090512",24450,"0000"
"090513",24445,"0000"
"090514",24440,"0000"
"090515",24450,"0000"
"090516",24440,"0000"
"090517",24450,"0000"
"090524",24440,"0000"
"090524",24450,"0001"
"090535",24445,"0000"
"090537",24440,"0000"
"090539",24450,"0000"
"090540",24440,"0000"
"090541",24450,"0000"
"090542",24440,"0000"
"090543",24450,"0000"
"090544",24440,"0000"
"090544",24450,"0001"
"090549",24440,"0000"
"090553",24450,"0000"
"090555",24455,"0000"
"090556",24465,"0000"
"090601",24470,"0000"
"090603",24455,"0000"
"090603",24450,"0001"
"090604",24470,"0000"
"090605",24475,"0000"
"090606",24465,"0000"
"090606",24475,"0001"
"090610",24465,"0000"
"090613",24455,"0000"
"090614",24475,"0000"
"090614",24455,"0001"
"090615",24475,"0000"
"090618",24480,"0000"
"090620",24455,"0000"
"090620",24475,"0001"
"090621",24472,"0000"
"090621",24465,"0001"
"090623",24475,"0000"
"090623",24465,"0001"
"090625",24480,"0000"
"090628",24465,"0000"
"090631",24480,"0000"
"090636",24475,"0000"
"090636",24480,"0001"
"090637",24475,"0000"
"090638",24480,"0000"
"090647",24475,"0000"
"090649",24480,"0000"
"090649",24485,"0001"
"090649",24480,"0002"
"090649",24485,"0003"
"090651",24480,"0000"
"090652",24485,"0000"
"090654",24475,"0000"
"090654",24485,"0001"
"090654",24495,"0002"
"090656",24490,"0000"
"090657",24500,"0000"
"090659",24490,"0000"
"090700",24500,"0000"
"090701",24505,"0000"
"090701",24500,"0001"
"090702",24505,"0000"
"090702",24500,"0001"
"090708",24505,"0000"
"090712",24500,"0000"
"090714",24505,"0000"
"090716",24490,"0000"
"090718",24505,"0000"
"090718",24500,"0001"
"090724",24495,"0000"
"090725",24500,"0000"
"090726",24495,"0000"
"090726",24500,"0001"
"090731",24490,"0000"
"090732",24500,"0000"
"090732",24490,"0001"
"090732",24500,"0002"
"090734",24490,"0000"
"090734",24500,"0001"
"090737",24505,"0000"
"090739",24500,"0000"
"090744",24505,"0000"
"090744",24490,"0001"
"090745",24505,"0000"
"090745",24490,"0001"
"090746",24505,"0000"
"090748",24490,"0000"
"090749",24505,"0000"
"090749",24490,"0001"
"090750",24505,"0000"
"090756",24500,"0000"
"090758",24505,"0000"
"090758",24500,"0001"
"090759",24505,"0000"
"090802",24500,"0000"
"090804",24497,"0000"
"090807",24500,"0000"
"090811",24505,"0000"
"090812",24500,"0000"
"090813",24495,"0000"
"090816",24500,"0000"
"090820",24505,"0000"
"090828",24500,"0000"
"090829",24495,"0000"
"090830",24505,"0000"
"090830",24495,"0001"
"090832",24500,"0000"
"090832",24505,"0001"
"090835",24495,"0000"
"090838",24505,"0000"
"090842",24500,"0000"
"090846",24505,"0000"
"090850",24502,"0000"
"090851",24505,"0000"
"090856",24502,"0000"
"090858",24505,"0000"
"090859",24502,"0000"
"090859",24505,"0001"
"090859",24500,"0002"
"090901",24505,"0000"
"090906",24500,"0000"
"090910",24505,"0000"
"090915",24510,"0000"
"090917",24505,"0000"
"090918",24510,"0000"
"090923",24505,"0000"
"090924",24510,"0000"
"090928",24505,"0000"
"090930",24510,"0000"
"090931",24505,"0000"
"090932",24510,"0000"
"090933",24505,"0000"
"090934",24510,"0000"
"090934",24505,"0001"
"090935",24520,"0000"
"090936",24505,"0000"
"090940",24520,"0000"
"090940",24505,"0001"
"090941",24520,"0000"
"090943",24515,"0000"
"090943",24512,"0001"
"090944",24510,"0000"
"090944",24515,"0001"
"090946",24510,"0000"
"090947",24515,"0000"
"090948",24510,"0000"
"090950",24515,"0000"
"090954",24505,"0000"
"090956",24515,"0000"
"090956",24505,"0001"
"090957",24510,"0000"
"090958",24515,"0000"
"090958",24505,"0001"
"090959",24515,"0000"
"091003",24505,"0000"
"091003",24515,"0001"
"091005",24505,"0000"
"091006",24515,"0000"
"091018",24505,"0000"
"091019",24515,"0000"
"091020",24520,"0000"
"091022",24515,"0000"
"091026",24510,"0000"
"091027",24515,"0000"
"091028",24510,"0000"
"091029",24515,"0000"
"091032",24505,"0000"
"091034",24515,"0000"
"091035",24510,"0000"
"091036",24515,"0000"
"091037",24505,"0000"
"091037",24515,"0001"
"091038",24505,"0000"
"091038",24515,"0001"
"091040",24520,"0000"
"091040",24515,"0001"
"091041",24520,"0000"
"091042",24515,"0000"
"091043",24520,"0000"
"091044",24515,"0000"
"091045",24510,"0000"
"091046",24520,"0000"
"091051",24515,"0000"
"091052",24512,"0000"
"091053",24510,"0000"
"091054",24505,"0000"
"091056",24515,"0000"
"091057",24505,"0000"
"091058",24515,"0000"
"091101",24500,"0000"
"091104",24505,"0000"
"091105",24510,"0000"
"091105",24500,"0001"
"091106",24510,"0000"
"091108",24500,"0000"
"091110",24510,"0000"
"091112",24505,"0000"
"091113",24510,"0000"
"091115",24500,"0000"
"091116",24515,"0000"
"091118",24500,"0000"
"091122",24510,"0000"
"091123",24500,"0000"
"091125",24510,"0000"
"091125",24515,"0001"
"091129",24510,"0000"
"091129",24515,"0001"
"091130",24505,"0000"
"091131",24520,"0000"
"091135",24505,"0000"
"091137",24520,"0000"
"091138",24505,"0000"
"091138",24520,"0001"
"091148",24505,"0000"
"091148",24520,"0001"
"091151",24505,"0000"
"091151",24520,"0001"
"091152",24505,"0000"
"091153",24520,"0000"
"091158",24505,"0000"
"091158",24520,"0001"
"091203",24510,"0000"
"091204",24520,"0000"
"091205",24510,"0000"
"091205",24515,"0001"
"091205",24520,"0002"
"091208",24510,"0000"
"091209",24515,"0000"
"091210",24520,"0000"
"091214",24515,"0000"
"091215",24520,"0000"
"091215",24515,"0001"
"091217",24505,"0000"
"091218",24510,"0000"
"091218",24515,"0001"
"091222",24505,"0000"
"091223",24515,"0000"
"091225",24505,"0000"
"091227",24515,"0000"
"091227",24505,"0001"
"091230",24515,"0000"
"091231",24505,"0000"
"091233",24510,"0000"
"091233",24515,"0001"
"091236",24505,"0000"
"091237",24515,"0000"
"091238",24505,"0000"
"091238",24510,"0001"
"091239",24505,"0000"
"091241",24510,"0000"
"091242",24505,"0000"
"091244",24510,"0000"
"091244",24505,"0001"
"091247",24510,"0000"
"091250",24505,"0000"
"091252",24510,"0000"
"091254",24505,"0000"
"091255",24507,"0000"
"091257",24510,"0000"
"091257",24507,"0001"
"091300",24510,"0000"
"091302",24507,"0000"
"091303",24510,"0000"
"091308",24507,"0000"
"091311",24510,"0000"
"091312",24507,"0000"
"091315",24510,"0000"
"091317",24507,"0000"
"091319",24510,"0000"
"091320",24507,"0000"
"091321",24505,"0000"
"091323",24510,"0000"
"091323",24515,"0001"
"091324",24510,"0000"
"091325",24515,"0000"
"091326",24505,"0000"
"091332",24510,"0000"
"091333",24505,"0000"
"091334",24510,"0000"
"091337",24505,"0000"
"091338",24510,"0000"
"091340",24505,"0000"
"091341",24515,"0000"
"091345",24510,"0000"
"091348",24515,"0000"
"091349",24510,"0000"
"091352",24515,"0000"
"091357",24510,"0000"
"091358",24505,"0000"
"091358",24510,"0001"
"091359",24505,"0000"
"091400",24510,"0000"
"091400",24505,"0001"
"091401",24510,"0000"
"091402",24505,"0000"
"091403",24510,"0000"
"091405",24505,"0000"
"091406",24510,"0000"
"091406",24505,"0001"
"091406",24510,"0002"
"091407",24505,"0000"
"091408",24510,"0000"
"091410",24505,"0000"
"091411",24510,"0000"
"091412",24515,"0000"
"091413",24510,"0000"
"091415",24515,"0000"
"091417",24510,"0000"
"091419",24515,"0000"
"091421",24510,"0000"
"091425",24515,"0000"
"091426",24510,"0000"
"091433",24515,"0000"
"091436",24510,"0000"
"091439",24515,"0000"
"091441",24510,"0000"
"091446",24515,"0000"
"091447",24510,"0000"
"091449",24515,"0000"
"091450",24510,"0000"
"091451",24515,"0000"
"091453",24510,"0000"
"091454",24515,"0000"
"091455",24510,"0000"
"091457",24515,"0000"
"091500",24510,"0000"
"091501",24515,"0000"
"091502",24510,"0000"
"091507",24515,"0000"
"091510",24510,"0000"
"091510",24515,"0001"
"091510",24512,"0002"
"091511",24515,"0000"
"091514",24510,"0000"
"091518",24505,"0000"
"091520",24515,"0000"
"091521",24510,"0000"
"091523",24515,"0000"
"091523",24505,"0001"
"091524",24515,"0000"
"091525",24505,"0000"
"091527",24515,"0000"
"091532",24510,"0000"
"091535",24515,"0000"
"091541",24510,"0000"
"091544",24515,"0000"
"091546",24510,"0000"
"091547",24515,"0000"
"091549",24510,"0000"
"091549",24515,"0001"
"091554",24510,"0000"
"091556",24515,"0000"
"091556",24510,"0001"
"091559",24515,"0000"
"091601",24510,"0000"
"091602",24515,"0000"
"091605",24510,"0000"
"091606",24515,"0000"
"091606",24510,"0001"
"091607",24505,"0000"
"091608",24510,"0000"
"091609",24505,"0000"
"091609",24510,"0001"
"091609",24505,"0002"
"091610",24510,"0000"
"091616",24515,"0000"
"091616",24512,"0001"
"091618",24515,"0000"
"091623",24510,"0000"
"091624",24515,"0000"
"091625",24512,"0000"
"091627",24515,"0000"
"091628",24512,"0000"
"091628",24505,"0001"
"091630",24515,"0000"
"091639",24520,"0000"
"091643",24515,"0000"
"091644",24520,"0000"
"091648",24515,"0000"
"091649",24520,"0000"
"091651",24515,"0000"
"091651",24520,"0001"
"091654",24510,"0000"
"091655",24520,"0000"
"091658",24510,"0000"
"091658",24520,"0001"
"091702",24510,"0000"
"091703",24520,"0000"
"091705",24515,"0000"
"091706",24520,"0000"
"091707",24510,"0000"
"091707",24520,"0001"
"091713",24510,"0000"
"091714",24520,"0000"
"091716",24510,"0000"
"091717",24520,"0000"
"091720",24510,"0000"
"091721",24520,"0000"
"091721",24510,"0001"
"091723",24515,"0000"
"091724",24510,"0000"
"091725",24515,"0000"
"091726",24520,"0000"
"091726",24515,"0001"
"091726",24520,"0002"
"091730",24515,"0000"
"091730",24520,"0001"
"091741",24517,"0000"
"091742",24520,"0000"
"091743",24515,"0000"
"091745",24520,"0000"
"091745",24515,"0001"
"091746",24520,"0000"
"091751",24515,"0000"
"091753",24520,"0000"
"091755",24515,"0000"
"091757",24520,"0000"
"091758",24515,"0000"
"091802",24520,"0000"
"091802",24515,"0001"
"091803",24520,"0000"
"091803",24515,"0001"
"091804",24520,"0000"
"091805",24515,"0000"
"091805",24520,"0001"
"091806",24515,"0000"
"091807",24520,"0000"
"091808",24515,"0000"
"091809",24520,"0000"
"091810",24515,"0000"
"091811",24510,"0000"
"091813",24515,"0000"
"091816",24510,"0000"
"091821",24515,"0000"
"091822",24520,"0000"
"091823",24500,"0000"
"091828",24510,"0000"
"091831",24500,"0000"
"091834",24510,"0000"
"091837",24515,"0000"
"091840",24510,"0000"
"091845",24515,"0000"
"091846",24510,"0000"
"091848",24515,"0000"
"091849",24510,"0000"
"091849",24520,"0001"
"091849",24510,"0002"
"091854",24520,"0000"
"091900",24510,"0000"
"091904",24520,"0000"
"091911",24510,"0000"
"091911",24515,"0001"
"091913",24520,"0000"
"091917",24510,"0000"
"091918",24520,"0000"
"091919",24510,"0000"
"091921",24520,"0000"
"091930",24515,"0000"
"091930",24520,"0001"
"091934",24515,"0000"
"091934",24520,"0001"
"091946",24515,"0000"
"091946",24520,"0001"
"091957",24515,"0000"
"092000",24520,"0000"
"092001",24515,"0000"
"092002",24520,"0000"
"092005",24515,"0000"
"092007",24520,"0000"
"092010",24515,"0000"
"092013",24510,"0000"
"092013",24515,"0001"
"092014",24510,"0000"
"092015",24515,"0000"
"092015",24510,"0001"
"092016",24515,"0000"
"092031",24510,"0000"
"092032",24515,"0000"
"092036",24510,"0000"
"092038",24515,"0000"
"092040",24510,"0000"
"092044",24515,"0000"
"092045",24510,"0000"
"092047",24505,"0000"
"092047",24510,"0001"
"092050",24505,"0000"
"092050",24515,"0001"
"092100",24510,"0000"
"092100",24515,"0001"
"092107",24510,"0000"
"092109",24515,"0000"
"092111",24510,"0000"
"092114",24515,"0000"
"092117",24510,"0000"
"092122",24515,"0000"
"092127",24510,"0000"
"092127",24515,"0001"
"092131",24510,"0000"
"092133",24515,"0000"
"092133",24510,"0001"
"092139",24515,"0000"
"092140",24510,"0000"
"092144",24515,"0000"
"092146",24510,"0000"
"092146",24515,"0001"
"092148",24510,"0000"
"092149",24515,"0000"
"092153",24510,"0000"
"092154",24515,"0000"
"092155",24510,"0000"
"092157",24515,"0000"
"092200",24510,"0000"
"092206",24515,"0000"
"092207",24510,"0000"
"092207",24515,"0001"
"092208",24510,"0000"
"092209",24515,"0000"
"092210",24510,"0000"
"092210",24512,"0001"
"092212",24510,"0000"
"092213",24515,"0000"
"092217",24510,"0000"
"092217",24515,"0001"
"092218",24510,"0000"
"092219",24515,"0000"
"092223",24510,"0000"
"092223",24515,"0001"
"092224",24510,"0000"
"092225",24515,"0000"
"092226",24510,"0000"
"092231",24515,"0000"
"092235",24510,"0000"
"092235",24515,"0001"
"092236",24510,"0000"
"092244",24515,"0000"
"092248",24520,"0000"
"092248",24515,"0001"
"092249",24520,"0000"
"092250",24515,"0000"
"092251",24520,"0000"
"092253",24515,"0000"
"092255",24520,"0000"
"092300",24515,"0000"
"092301",24520,"0000"
"092302",24515,"0000"
"092303",24520,"0000"
"092305",24515,"0000"
"092306",24520,"0000"
"092311",24515,"0000"
"092311",24520,"0001"
"092312",24515,"0000"
"092313",24520,"0000"
"092315",24515,"0000"
"092315",24520,"0001"
"092316",24515,"0000"
"092322",24520,"0000"
"092325",24515,"0000"
"092328",24520,"0000"
"092330",24515,"0000"
"092332",24520,"0000"
"092333",24517,"0000"
"092337",24520,"0000"
"092337",24515,"0001"
"092344",24517,"0000"
"092345",24520,"0000"
"092346",24515,"0000"
"092346",24520,"0001"
"092347",24515,"0000"
"092350",24520,"0000"
"092350",24515,"0001"
"092351",24520,"0000"
"092356",24515,"0000"
"092357",24520,"0000"
"092402",24515,"0000"
"092407",24520,"0000"
"092408",24515,"0000"
"092410",24520,"0000"
"092413",24515,"0000"
"092420",24520,"0000"
"092421",24515,"0000"
"092422",24520,"0000"
"092427",24515,"0000"
"092429",24520,"0000"
"092430",24515,"0000"
"092433",24520,"0000"
"092438",24515,"0000"
"092439",24520,"0000"
"092439",24515,"0001"
"092440",24520,"0000"
"092441",24515,"0000"
"092444",24520,"0000"
"092446",24515,"0000"
"092447",24520,"0000"
"092451",24515,"0000"
"092455",24520,"0000"
"092458",24515,"0000"
"092459",24520,"0000"
"092503",24515,"0000"
"092504",24520,"0000"
"092506",24515,"0000"
"092507",24520,"0000"
"092507",24515,"0001"
"092512",24520,"0000"
"092521",24515,"0000"
"092523",24520,"0000"
"092527",24515,"0000"
"092527",24520,"0001"
"092528",24515,"0000"
"092529",24520,"0000"
"092533",24515,"0000"
"092535",24520,"0000"
"092536",24515,"0000"
"092537",24520,"0000"
"092547",24515,"0000"
"092611",24520,"0000"
"092617",24515,"0000"
"092619",24520,"0000"
"092622",24515,"0000"
"092623",24517,"0000"
"092624",24520,"0000"
"092624",24515,"0001"
"092628",24520,"0000"
"092631",24515,"0000"
"092632",24520,"0000"
"092633",24515,"0000"
"092633",24520,"0001"
"092635",24515,"0000"
"092635",24520,"0001"
"092643",24517,"0000"
"092643",24520,"0001"
"092652",24515,"0000"
"092654",24520,"0000"
"092701",24515,"0000"
"092707",24520,"0000"
"092719",24515,"0000"
"092719",24520,"0001"
"092720",24515,"0000"
"092722",24520,"0000"
"092723",24515,"0000"
"092724",24520,"0000"
"092727",24515,"0000"
"092740",24520,"0000"
"092742",24515,"0000"
"092749",24520,"0000"
"092749",24515,"0001"
"092803",24520,"0000"
"092808",24515,"0000"
"092816",24520,"0000"
"092817",24515,"0000"
"092819",24520,"0000"
"092822",24515,"0000"
"092824",24520,"0000"
"092827",24515,"0000"
"092827",24520,"0001"
"092831",24515,"0000"
"092832",24520,"0000"
"092834",24515,"0000"
"092837",24520,"0000"
"092837",24515,"0001"
"092841",24520,"0000"
"092843",24515,"0000"
"092846",24520,"0000"
"092846",24515,"0001"
"092847",24520,"0000"
"092847",24515,"0001"
"092848",24520,"0000"
"092853",24515,"0000"
"092855",24520,"0000"
"092856",24515,"0000"
"092926",24520,"0000"
"092930",24515,"0000"
"092933",24520,"0000"
"092934",24515,"0000"
"092936",24520,"0000"
"092942",24515,"0000"
"092944",24520,"0000"
"092949",24515,"0000"
"092950",24520,"0000"
"092953",24515,"0000"
"093000",24520,"0000"
"093004",24515,"0000"
"093005",24520,"0000"
"093007",24515,"0000"
"093009",24520,"0000"
"093009",24515,"0001"
"093009",24520,"0002"
"093010",24515,"0000"
"093011",24520,"0000"
"093011",24515,"0001"
"093012",24520,"0000"
"093012",24515,"0001"
"093013",24520,"0000"
"093013",24515,"0001"
"093015",24520,"0000"
"093018",24515,"0000"
"093019",24520,"0000"
"093020",24515,"0000"
"093022",24520,"0000"
"093024",24515,"0000"
"093026",24520,"0000"
"093026",24515,"0001"
"093026",24520,"0002"
"093027",24515,"0000"
"093028",24520,"0000"
"093028",24515,"0001"
"093028",24520,"0002"
"093030",24515,"0000"
"093030",24520,"0001"
"093031",24515,"0000"
"093031",24520,"0001"
"093039",24515,"0000"
"093040",24520,"0000"
"093044",24515,"0000"
"093045",24520,"0000"
"093052",24515,"0000"
"093052",24520,"0001"
"093053",24515,"0000"
"093055",24525,"0000"
"093056",24515,"0000"
"093056",24525,"0001"
"093057",24515,"0000"
"093058",24525,"0000"
"093100",24515,"0000"
"093100",24525,"0001"
"093101",24520,"0000"
"093102",24515,"0000"
"093102",24520,"0001"
"093103",24515,"0000"
"093103",24525,"0001"
"093105",24515,"0000"
"093105",24525,"0001"
"093106",24515,"0000"
"093106",24525,"0001"
"093126",24520,"0000"
"093126",24525,"0001"
"093130",24520,"0000"
"093131",24525,"0000"
"093132",24515,"0000"
"093133",24525,"0000"
"093136",24515,"0000"
"093136",24525,"0001"
"093138",24515,"0000"
"093139",24525,"0000"
"093145",24515,"0000"
"093145",24525,"0001"
"093204",24520,"0000"
"093204",24525,"0001"
"093217",24520,"0000"
"093218",24525,"0000"
"093225",24520,"0000"
"093225",24525,"0001"
"093227",24520,"0000"
"093227",24525,"0001"
"093232",24520,"0000"
"093232",24525,"0001"
"093232",24520,"0002"
"093233",24525,"0000"
"093236",24520,"0000"
"093236",24525,"0001"
"093246",24520,"0000"
"093246",24525,"0001"
"093252",24520,"0000"
"093252",24525,"0001"
"093254",24520,"0000"
"093254",24525,"0001"
"093257",24520,"0000"
"093258",24525,"0000"
"093301",24520,"0000"
"093301",24525,"0001"
"093304",24520,"0000"
"093305",24525,"0000"
"093313",24520,"0000"
"093313",24525,"0001"
"093328",24520,"0000"
"093328",24525,"0001"
"093331",24520,"0000"
"093331",24525,"0001"
"093332",24520,"0000"
"093332",24525,"0001"
"093332",24520,"0002"
"093337",24515,"0000"
"093338",24520,"0000"
"093349",24515,"0000"
"093350",24520,"0000"
"093350",24515,"0001"
"093350",24520,"0002"
"093352",24515,"0000"
"093353",24520,"0000"
"093358",24515,"0000"
"093358",24520,"0001"
"093400",24515,"0000"
"093402",24520,"0000"
"093403",24525,"0000"
"093409",24520,"0000"
"093409",24525,"0001"
"093409",24520,"0002"
"093410",24525,"0000"
"093419",24520,"0000"
"093419",24525,"0001"
"093421",24520,"0000"
"093422",24525,"0000"
"093424",24520,"0000"
"093426",24515,"0000"
"093426",24520,"0001"
"093426",24525,"0002"
"093427",24515,"0000"
"093428",24525,"0000"
"093429",24515,"0000"
"093429",24525,"0001"
"093446",24520,"0000"
"093446",24525,"0001"
"093451",24520,"0000"
"093451",24525,"0001"
"093454",24520,"0000"
"093454",24525,"0001"
"093459",24520,"0000"
"093459",24525,"0001"
"093505",24520,"0000"
"093505",24525,"0001"
"093517",24520,"0000"
"093518",24525,"0000"
"093520",24520,"0000"
"093521",24525,"0000"
"093523",24520,"0000"
"093523",24525,"0001"
"093530",24520,"0000"
"093530",24525,"0001"
"093535",24520,"0000"
"093536",24525,"0000"
"093542",24520,"0000"
"093542",24525,"0001"
"093549",24520,"0000"
"093550",24525,"0000"
"093552",24520,"0000"
"093554",24525,"0000"
"093556",24520,"0000"
"093557",24525,"0000"
"093600",24520,"0000"
"093601",24525,"0000"
"093601",24530,"0001"
"093611",24525,"0000"
"093611",24530,"0001"
"093618",24525,"0000"
"093621",24530,"0000"
"093637",24525,"0000"
"093639",24530,"0000"
"093647",24525,"0000"
"093648",24530,"0000"
"093648",24525,"0001"
"093648",24530,"0002"
"093656",24525,"0000"
"093656",24530,"0001"
"093701",24520,"0000"
"093702",24530,"0000"
"093704",24520,"0000"
"093705",24530,"0000"
"093707",24520,"0000"
"093707",24530,"0001"
"093716",24525,"0000"
"093717",24530,"0000"
"093720",24525,"0000"
"093720",24530,"0001"
"093726",24525,"0000"
"093728",24530,"0000"
"093730",24525,"0000"
"093731",24530,"0000"
"093731",24525,"0001"
"093732",24530,"0000"
"093732",24525,"0001"
"093732",24530,"0002"
"093733",24525,"0000"
"093734",24530,"0000"
"093735",24525,"0000"
"093737",24530,"0000"
"093738",24520,"0000"
"093738",24530,"0001"
"093739",24520,"0000"
"093741",24530,"0000"
"093745",24520,"0000"
"093746",24530,"0000"
"093751",24525,"0000"
"093752",24530,"0000"
"093757",24520,"0000"
"093757",24530,"0001"
"093800",24520,"0000"
"093800",24530,"0001"
"093802",24520,"0000"
"093803",24530,"0000"
"093809",24525,"0000"
"093810",24530,"0000"
"093813",24525,"0000"
"093813",24530,"0001"
"093815",24525,"0000"
"093816",24530,"0000"
"093821",24525,"0000"
"093826",24530,"0000"
"093828",24525,"0000"
"093829",24530,"0000"
"093832",24525,"0000"
"093835",24530,"0000"
"093840",24525,"0000"
"093848",24530,"0000"
"093849",24525,"0000"
"093849",24530,"0001"
"093850",24525,"0000"
"093853",24530,"0000"
"093853",24525,"0001"
"093858",24530,"0000"
"093859",24525,"0000"
"093900",24530,"0000"
"093903",24525,"0000"
"093904",24530,"0000"
"093905",24525,"0000"
"093907",24530,"0000"
"093910",24525,"0000"
"093910",24530,"0001"
"093911",24525,"0000"
"093913",24520,"0000"
"093914",24530,"0000"
"093917",24520,"0000"
"093919",24525,"0000"
"093919",24530,"0001"
"093924",24525,"0000"
"093924",24520,"0001"
"093925",24525,"0000"
"093925",24520,"0001"
"093927",24530,"0000"
"093930",24520,"0000"
"093937",24530,"0000"
"093938",24520,"0000"
"093942",24525,"0000"
"093942",24520,"0001"
"093950",24530,"0000"
"093955",24520,"0000"
"093958",24525,"0000"
"093958",24530,"0001"
"093958",24525,"0002"
"093959",24530,"0000"
"094000",24520,"0000"
"094001",24515,"0000"
"094001",24530,"0001"
"094002",24515,"0000"
"094006",24530,"0000"
"094008",24520,"0000"
"094011",24530,"0000"
"094014",24520,"0000"
"094015",24525,"0000"
"094021",24520,"0000"
"094022",24525,"0000"
"094033",24520,"0000"
"094033",24525,"0001"
"094034",24520,"0000"
"094043",24525,"0000"
"094045",24520,"0000"
"094047",24525,"0000"
"094052",24520,"0000"
"094054",24525,"0000"
"094058",24520,"0000"
"094100",24525,"0000"
"094103",24520,"0000"
"094104",24525,"0000"
"094104",24520,"0001"
"094110",24525,"0000"
"094116",24520,"0000"
"094116",24525,"0001"
"094116",24520,"0002"
"094123",24515,"0000"
"094123",24520,"0001"
"094129",24515,"0000"
"094129",24520,"0001"
"094130",24515,"0000"
"094134",24520,"0000"
"094136",24525,"0000"
"094138",24520,"0000"
"094139",24525,"0000"
"094139",24520,"0001"
"094140",24525,"0000"
"094141",24520,"0000"
"094142",24525,"0000"
"094142",24520,"0001"
"094143",24525,"0000"
"094148",24520,"0000"
"094148",24525,"0001"
"094153",24520,"0000"
"094154",24525,"0000"
"094155",24520,"0000"
"094156",24525,"0000"
"094156",24520,"0001"
"094156",24525,"0002"
"094200",24520,"0000"
"094200",24522,"0001"
"094202",24530,"0000"
"094203",24527,"0000"
"094204",24530,"0000"
"094205",24525,"0000"
"094207",24530,"0000"
"094208",24525,"0000"
"094209",24530,"0000"
"094212",24525,"0000"
"094214",24530,"0000"
"094219",24535,"0000"
"094221",24530,"0000"
"094223",24525,"0000"
"094223",24530,"0001"
"094225",24535,"0000"
"094228",24530,"0000"
"094229",24535,"0000"
"094231",24530,"0000"
"094233",24535,"0000"
"094236",24530,"0000"
"094236",24535,"0001"
"094237",24530,"0000"
"094238",24535,"0000"
"094243",24530,"0000"
"094245",24535,"0000"
"094247",24530,"0000"
"094250",24535,"0000"
"094251",24530,"0000"
"094252",24535,"0000"
"094255",24530,"0000"
"094256",24525,"0000"
"094257",24535,"0000"
"094302",24530,"0000"
"094302",24535,"0001"
"094306",24530,"0000"
"094307",24535,"0000"
"094308",24530,"0000"
"094310",24535,"0000"
"094316",24530,"0000"
"094316",24535,"0001"
"094325",24530,"0000"
"094326",24532,"0000"
"094328",24535,"0000"
"094332",24532,"0000"
"094333",24535,"0000"
"094336",24530,"0000"
"094339",24535,"0000"
"094342",24530,"0000"
"094343",24535,"0000"
"094345",24530,"0000"
"094350",24535,"0000"
"094353",24530,"0000"
"094356",24535,"0000"
"094400",24530,"0000"
"094401",24535,"0000"
"094405",24525,"0000"
"094412",24535,"0000"
"094415",24525,"0000"
"094416",24530,"0000"
"094422",24525,"0000"
"094423",24530,"0000"
"094434",24525,"0000"
"094435",24530,"0000"
"094437",24525,"0000"
"094438",24530,"0000"
"094441",24525,"0000"
"094443",24530,"0000"
"094450",24525,"0000"
"094450",24530,"0001"
"094455",24525,"0000"
"094459",24530,"0000"
"094459",24525,"0001"
"094500",24530,"0000"
"094501",24525,"0000"
"094502",24530,"0000"
"094502",24525,"0001"
"094507",24530,"0000"
"094508",24525,"0000"
"094508",24530,"0001"
"094513",24525,"0000"
"094516",24530,"0000"
"094517",24525,"0000"
"094520",24530,"0000"
"094522",24525,"0000"
"094525",24530,"0000"
"094529",24525,"0000"
"094533",24530,"0000"
"094535",24525,"0000"
"094540",24530,"0000"
"094549",24535,"0000"
"094555",24525,"0000"
"094555",24535,"0001"
"094601",24530,"0000"
"094603",24535,"0000"
"094608",24530,"0000"
"094611",24535,"0000"
"094614",24530,"0000"
"094617",24535,"0000"
"094621",24525,"0000"
"094623",24535,"0000"
"094627",24530,"0000"
"094628",24535,"0000"
"094630",24540,"0000"
"094631",24535,"0000"
"094636",24540,"0000"
"094637",24535,"0000"
"094641",24540,"0000"
"094644",24535,"0000"
"094647",24540,"0000"
"094648",24535,"0000"
"094649",24540,"0000"
"094651",24535,"0000"
"094700",24540,"0000"
"094704",24535,"0000"
"094707",24540,"0000"
"094710",24537,"0000"
"094714",24540,"0000"
"094715",24537,"0000"
"094716",24540,"0000"
"094718",24537,"0000"
"094719",24535,"0000"
"094723",24530,"0000"
"094726",24535,"0000"
"094728",24530,"0000"
"094729",24535,"0000"
"094731",24530,"0000"
"094736",24535,"0000"
"094739",24530,"0000"
"094740",24525,"0000"
"094741",24530,"0000"
"094742",24525,"0000"
"094743",24535,"0000"
"094746",24525,"0000"
"094752",24530,"0000"
"094754",24525,"0000"
"094756",24530,"0000"
"094758",24525,"0000"
"094803",24530,"0000"
"094805",24525,"0000"
"094808",24535,"0000"
"094808",24530,"0001"
"094812",24535,"0000"
"094812",24530,"0001"
"094815",24535,"0000"
"094819",24530,"0000"
"094820",24535,"0000"
"094823",24530,"0000"
"094824",24525,"0000"
"094824",24535,"0001"
"094825",24530,"0000"
"094826",24535,"0000"
"094827",24530,"0000"
"094830",24535,"0000"
"094831",24530,"0000"
"094841",24535,"0000"
"094841",24530,"0001"
"094842",24535,"0000"
"094842",24530,"0001"
"094843",24535,"0000"
"094846",24530,"0000"
"094852",24525,"0000"
"094853",24535,"0000"
"094856",24525,"0000"
"094858",24530,"0000"
"094859",24535,"0000"
"094901",24530,"0000"
"094902",24535,"0000"
"094902",24530,"0001"
"094903",24535,"0000"
"094904",24530,"0000"
"094906",24520,"0000"
"094912",24535,"0000"
"094918",24530,"0000"
"094919",24525,"0000"
"094920",24535,"0000"
"094926",24525,"0000"
"094927",24535,"0000"
"094928",24525,"0000"
"094928",24535,"0001"
"094934",24530,"0000"
"094938",24525,"0000"
"094940",24530,"0000"
"094942",24535,"0000"
"094946",24530,"0000"
"094947",24525,"0000"
"094956",24535,"0000"
"094957",24525,"0000"
"094958",24535,"0000"
"095002",24525,"0000"
"095003",24535,"0000"
"095004",24530,"0000"
"095012",24525,"0000"
"095017",24535,"0000"
"095021",24530,"0000"
"095028",24535,"0000"
"095029",24530,"0000"
"095031",24525,"0000"
"095033",24530,"0000"
"095034",24525,"0000"
"095036",24530,"0000"
"095036",24535,"0001"
"095043",24530,"0000"
"095043",24535,"0001"
"095048",24525,"0000"
"095051",24535,"0000"
"095052",24530,"0000"
"095055",24535,"0000"
"095059",24530,"0000"
"095100",24535,"0000"
"095111",24530,"0000"
"095111",24535,"0001"
"095113",24530,"0000"
"095117",24535,"0000"
"095122",24530,"0000"
"095122",24525,"0001"
"095123",24530,"0000"
"095125",24535,"0000"
"095128",24525,"0000"
"095133",24535,"0000"
"095135",24525,"0000"
"095136",24535,"0000"
"095141",24530,"0000"
"095152",24535,"0000"
"095156",24530,"0000"
"095157",24535,"0000"
"095159",24530,"0000"
"095201",24535,"0000"
"095207",24530,"0000"
"095210",24535,"0000"
"095213",24530,"0000"
"095214",24535,"0000"
"095214",24530,"0001"
"095215",24535,"0000"
"095221",24530,"0000"
"095227",24535,"0000"
"095229",24530,"0000"
"095230",24535,"0000"
"095234",24530,"0000"
"095236",24535,"0000"
"095246",24540,"0000"
"095250",24535,"0000"
"095254",24540,"0000"
"095256",24535,"0000"
"095257",24540,"0000"
"095257",24535,"0001"
"095259",24540,"0000"
"095300",24535,"0000"
"095308",24540,"0000"
"095319",24535,"0000"
"095320",24540,"0000"
"095321",24535,"0000"
"095322",24540,"0000"
"095327",24535,"0000"
"095328",24540,"0000"
"095340",24535,"0000"
"095340",24540,"0001"
"095345",24535,"0000"
"095346",24540,"0000"
"095348",24535,"0000"
"095349",24540,"0000"
"095349",24535,"0001"
"095352",24540,"0000"
"095352",24535,"0001"
"095356",24540,"0000"
"095358",24535,"0000"
"095359",24540,"0000"
"095405",24535,"0000"
"095408",24540,"0000"
"095416",24535,"0000"
"095416",24540,"0001"
"095417",24535,"0000"
"095417",24540,"0001"
"095418",24535,"0000"
"095422",24540,"0000"
"095435",24537,"0000"
"095436",24540,"0000"
"095446",24537,"0000"
"095447",24540,"0000"
"095454",24535,"0000"
"095455",24540,"0000"
"095514",24535,"0000"
"095517",24540,"0000"
"095536",24545,"0000"
"095621",24550,"0000"
"095623",24545,"0000"
"095625",24550,"0000"
"095626",24545,"0000"
"095627",24550,"0000"
"095628",24545,"0000"
"095628",24550,"0001"
"095706",24547,"0000"
"095708",24550,"0000"
"095738",24552,"0000"
"095741",24555,"0000"
"095816",24552,"0000"
"095817",24555,"0000"
"095823",24550,"0000"
"095824",24555,"0000"
"095857",24560,"0000"
"095900",24555,"0000"
"095902",24560,"0000"
"095913",24555,"0000"
"095918",24560,"0000"
"100011",24565,"0000"
"100044",24570,"0000"
"100052",24565,"0000"
"100054",24570,"0000"
"100057",24565,"0000"
"100102",24560,"0000"
"100112",24570,"0000"
"100113",24560,"0000"
"100114",24570,"0000"
"100115",24560,"0000"
"100118",24570,"0000"
"100119",24560,"0000"
"100121",24565,"0000"
"100123",24570,"0000"
"100125",24560,"0000"
"100127",24555,"0000"
"100129",24560,"0000"
"100130",24555,"0000"
"100133",24565,"0000"
"100140",24555,"0000"
"100151",24550,"0000"
"100200",24560,"0000"
"100202",24555,"0000"
"100203",24550,"0000"
"100206",24545,"0000"
"100225",24555,"0000"
"100228",24550,"0000"
"100230",24555,"0000"
"100233",24550,"0000"
"100245",24545,"0000"
"100246",24555,"0000"
"100247",24550,"0000"
"100248",24555,"0000"
"100300",24560,"0000"
"100326",24565,"0000"
"100326",24560,"0001"
"100328",24565,"0000"
"100331",24560,"0000"
"100332",24565,"0000"
"100348",24560,"0000"
"100349",24565,"0000"
"100420",24560,"0000"
"100421",24565,"0000"
"100422",24560,"0000"
"100425",24565,"0000"
"100426",24560,"0000"
"100428",24565,"0000"
"100430",24570,"0000"
"100430",24565,"0001"
"100431",24570,"0000"
"100432",24560,"0000"
"100433",24570,"0000"
"100442",24565,"0000"
"100442",24570,"0001"
"100456",24565,"0000"
"100456",24570,"0001"
"100504",24565,"0000"
"100508",24570,"0000"
"100523",24565,"0000"
"100523",24570,"0001"
"100539",24575,"0000"
"100544",24570,"0000"
"100550",24565,"0000"
"100550",24570,"0001"
"100551",24575,"0000"
"100603",24570,"0000"
"100605",24565,"0000"
"100607",24575,"0000"
"100614",24570,"0000"
"100617",24565,"0000"
"100620",24570,"0000"
"100624",24565,"0000"
"100628",24570,"0000"
"100636",24565,"0000"
"100644",24570,"0000"
"100704",24575,"0000"
"100705",24570,"0000"
"100717",24575,"0000"
"100724",24565,"0000"
"100724",24575,"0001"
"100727",24570,"0000"
"100729",24575,"0000"
"100730",24570,"0000"
"100733",24575,"0000"
"100735",24570,"0000"
"100740",24575,"0000"
"100743",24565,"0000"
"100744",24575,"0000"
"100801",24570,"0000"
"100802",24575,"0000"
"100815",24570,"0000"
"100816",24565,"0000"
"100818",24570,"0000"
"100825",24575,"0000"
"100830",24570,"0000"
"100837",24565,"0000"
"100841",24570,"0000"
"100842",24565,"0000"
"100845",24570,"0000"
"100848",24565,"0000"
"100854",24570,"0000"
"100857",24565,"0000"
"100859",24570,"0000"
"100907",24565,"0000"
"100923",24562,"0000"
"100924",24565,"0000"
"100931",24560,"0000"
"100931",24565,"0001"
"100937",24560,"0000"
"100938",24565,"0000"
"100942",24570,"0000"
"100945",24575,"0000"
"100946",24570,"0000"
"100947",24575,"0000"
"100948",24570,"0000"
"100951",24565,"0000"
"100953",24575,"0000"
"100955",24565,"0000"
"101001",24575,"0000"
"101001",24570,"0001"
"101004",24575,"0000"
"101012",24570,"0000"
"101013",24575,"0000"
"101027",24570,"0000"
"101031",24575,"0000"
"101044",24570,"0000"
"101045",24575,"0000"
"101045",24570,"0001"
"101046",24565,"0000"
"101050",24570,"0000"
"101111",24565,"0000"
"101112",24570,"0000"
"101120",24565,"0000"
"101121",24570,"0000"
"101150",24565,"0000"
"101150",24570,"0001"
"101153",24565,"0000"
"101200",24560,"0000"
"101207",24565,"0000"
"101210",24570,"0000"
"101212",24565,"0000"
"101224",24570,"0000"
"101246",24575,"0000"
"101257",24570,"0000"
"101300",24575,"0000"
"101304",24570,"0000"
"101312",24575,"0000"
"101315",24570,"0000"
"101318",24575,"0000"
"101323",24570,"0000"
"101326",24565,"0000"
"101326",24570,"0001"
"101344",24575,"0000"
"101350",24570,"0000"
"101356",24575,"0000"
"101400",24580,"0000"
"101401",24575,"0000"
"101402",24570,"0000"
"101402",24575,"0001"
"101403",24580,"0000"
"101404",24575,"0000"
"101408",24570,"0000"
"101409",24575,"0000"
"101421",24580,"0000"
"101428",24575,"0000"
"101433",24580,"0000"
"101449",24575,"0000"
"101450",24580,"0000"
"101451",24575,"0000"
"101451",24580,"0001"
"101452",24575,"0000"
"101506",24580,"0000"
"101507",24575,"0000"
"101509",24580,"0000"
"101510",24570,"0000"
"101510",24580,"0001"
"101512",24570,"0000"
"101517",24580,"0000"
"101524",24575,"0000"
"101524",24580,"0001"
"101536",24570,"0000"
"101541",24575,"0000"
"101541",24580,"0001"
"101541",24575,"0002"
"101544",24565,"0000"
"101545",24570,"0000"
"101545",24565,"0001"
"101548",24570,"0000"
"101556",24580,"0000"
"101558",24575,"0000"
"101600",24580,"0000"
"101612",24575,"0000"
"101617",24570,"0000"
"101619",24575,"0000"
"101648",24570,"0000"
"101649",24575,"0000"
"101658",24570,"0000"
"101700",24565,"0000"
"101701",24575,"0000"
"101712",24570,"0000"
"101739",24565,"0000"
"101742",24570,"0000"
"101751",24565,"0000"
"101800",24560,"0000"
"101804",24570,"0000"
"101806",24565,"0000"
"101808",24570,"0000"
"101810",24565,"0000"
"101818",24560,"0000"
"101821",24565,"0000"
"101826",24560,"0000"
"101839",24565,"0000"
"101850",24560,"0000"
"101851",24565,"0000"
"101914",24570,"0000"
"101933",24575,"0000"
"101935",24570,"0000"
"101939",24575,"0000"
"101941",24570,"0000"
"102207",24567,"0000"
"102211",24570,"0000"
"102213",24567,"0000"
"102228",24570,"0000"
"102232",24572,"0000"
"102235",24565,"0000"
"102238",24570,"0000"
"102238",24560,"0001"
"102244",24565,"0000"
"102300",24570,"0000"
"102303",24565,"0000"
"102317",24570,"0000"
"102317",24567,"0001"
"102321",24565,"0000"
"102325",24570,"0000"
"102328",24565,"0000"
"102333",24570,"0000"
"102333",24575,"0001"
"102334",24570,"0000"
"102346",24565,"0000"
"102349",24570,"0000"
"102349",24575,"0001"
"102353",24565,"0000"
"102359",24575,"0000"
"102359",24565,"0001"
"102409",24570,"0000"
"102411",24565,"0000"
"102421",24570,"0000"
"102424",24565,"0000"
"102433",24570,"0000"
"102439",24575,"0000"
"102442",24570,"0000"
"102445",24575,"0000"
"102448",24570,"0000"
"102455",24575,"0000"
"102455",24570,"0001"
"102457",24575,"0000"
"102505",24570,"0000"
"102508",24575,"0000"
"102522",24570,"0000"
"102531",24575,"0000"
"102606",24570,"0000"
"102614",24565,"0000"
"102624",24560,"0000"
"102634",24555,"0000"
"102647",24550,"0000"
"102651",24555,"0000"
"102653",24545,"0000"
"102654",24550,"0000"
"102656",24555,"0000"
"102658",24545,"0000"
"102703",24550,"0000"
"102704",24545,"0000"
"102706",24550,"0000"
"102708",24555,"0000"
"102710",24550,"0000"
"102710",24555,"0001"
"102722",24560,"0000"
"102733",24555,"0000"
"102733",24560,"0001"
"102744",24565,"0000"
"102745",24560,"0000"
"102749",24565,"0000"
"102755",24560,"0000"
"102836",24555,"0000"
"102844",24560,"0000"
"102847",24565,"0000"
"102851",24560,"0000"
"102854",24557,"0000"
"102900",24565,"0000"
"102930",24570,"0000"
"103010",24575,"0000"
"103030",24570,"0000"
"103031",24575,"0000"
"103117",24570,"0000"
"103119",24575,"0000"
"103130",24580,"0000"
"103135",24575,"0000"
"103141",24580,"0000"
"103231",24575,"0000"
"103231",24580,"0001"
"103241",24585,"0000"
"103329",24580,"0000"
"103336",24585,"0000"
"103337",24580,"0000"
"103415",24575,"0000"
"103419",24570,"0000"
"103419",24575,"0001"
"103420",24570,"0000"
"103420",24575,"0001"
"103423",24580,"0000"
"103449",24570,"0000"
"103449",24580,"0001"
"103457",24575,"0000"
"103500",24570,"0000"
"103501",24575,"0000"
"103509",24580,"0000"
"103554",24575,"0000"
"103557",24580,"0000"
"103607",24585,"0000"
"103612",24575,"0000"
"103613",24585,"0000"
"103614",24590,"0000"
"103620",24585,"0000"
"103626",24590,"0000"
"103630",24587,"0000"
"103632",24590,"0000"
"103636",24587,"0000"
"103637",24585,"0000"
"103641",24590,"0000"
"103715",24580,"0000"
"103716",24590,"0000"
"103721",24580,"0000"
"103722",24590,"0000"
"103728",24580,"0000"
"103729",24590,"0000"
"103734",24580,"0000"
"103736",24590,"0000"
"103740",24585,"0000"
"103742",24590,"0000"
"103746",24585,"0000"
"103747",24590,"0000"
"103750",24595,"0000"
"103752",24585,"0000"
"103754",24595,"0000"
"103759",24585,"0000"
"103759",24595,"0001"
"103805",24585,"0000"
"103809",24595,"0000"
"103811",24585,"0000"
"103812",24595,"0000"
"103818",24585,"0000"
"103818",24595,"0001"
"103819",24600,"0000"
"103823",24595,"0000"
"103823",24600,"0001"
"103824",24595,"0000"
"103825",24600,"0000"
"103828",24595,"0000"
"103828",24600,"0001"
"103830",24595,"0000"
"103831",24590,"0000"
"103832",24585,"0000"
"103835",24600,"0000"
"103836",24595,"0000"
"103836",24590,"0001"
"103837",24600,"0000"
"103839",24595,"0000"
"103842",24590,"0000"
"103842",24595,"0001"
"103844",24590,"0000"
"103844",24595,"0001"
"103848",24585,"0000"
"103848",24590,"0001"
"103851",24595,"0000"
"103853",24600,"0000"
"103855",24595,"0000"
"103855",24600,"0001"
"103901",24595,"0000"
"103902",24600,"0000"
"103906",24595,"0000"
"103907",24585,"0000"
"103909",24600,"0000"
"103913",24585,"0000"
"103914",24600,"0000"
"103919",24590,"0000"
"103919",24600,"0001"
"103926",24590,"0000"
"103927",24600,"0000"
"103932",24595,"0000"
"103933",24600,"0000"
"103938",24590,"0000"
"103940",24600,"0000"
"103944",24590,"0000"
"103944",24600,"0001"
"103950",24590,"0000"
"103954",24600,"0000"
"103957",24590,"0000"
"103959",24600,"0000"
"104003",24585,"0000"
"104005",24600,"0000"
"104009",24590,"0000"
"104009",24600,"0001"
"104049",24585,"0000"
"104057",24600,"0000"
"104107",24595,"0000"
"104120",24600,"0000"
"104135",24597,"0000"
"104138",24600,"0000"
"104142",24597,"0000"
"104145",24600,"0000"
"104148",24597,"0000"
"104152",24600,"0000"
"104155",24597,"0000"
"104157",24600,"0000"
"104202",24597,"0000"
"104203",24600,"0000"
"104204",24597,"0000"
"104205",24600,"0000"
"104208",24597,"0000"
"104212",24600,"0000"
"104214",24597,"0000"
"104215",24600,"0000"
"104226",24605,"0000"
"104227",24610,"0000"
"104301",24607,"0000"
"104308",24605,"0000"
"104309",24595,"0000"
"104310",24605,"0000"
"104332",24600,"0000"
"104333",24605,"0000"
"104336",24600,"0000"
"104344",24605,"0000"
"104344",24600,"0001"
"104347",24605,"0000"
"104407",24600,"0000"
"104407",24605,"0001"
"104408",24595,"0000"
"104414",24605,"0000"
"104433",24600,"0000"
"104437",24605,"0000"
"104442",24600,"0000"
"104442",24605,"0001"
"104450",24600,"0000"
"104452",24605,"0000"
"104514",24595,"0000"
"104516",24605,"0000"
"104549",24600,"0000"
"104551",24605,"0000"
"104621",24600,"0000"
"104623",24605,"0000"
"104650",24600,"0000"
"104651",24605,"0000"
"104655",24595,"0000"
"104655",24605,"0001"
"104656",24595,"0000"
"104656",24605,"0001"
"104714",24597,"0000"
"104714",24605,"0001"
"104728",24595,"0000"
"104731",24605,"0000"
"104749",24600,"0000"
"104756",24597,"0000"
"104758",24600,"0000"
"104802",24595,"0000"
"104802",24600,"0001"
"104803",24605,"0000"
"104804",24600,"0000"
"104812",24605,"0000"
"104814",24600,"0000"
"104814",24605,"0001"
"104822",24600,"0000"
"104834",24597,"0000"
"104835",24600,"0000"
"104844",24605,"0000"
"104857",24600,"0000"
"104900",24605,"0000"
"104909",24600,"0000"
"104914",24605,"0000"
"104920",24595,"0000"
"104924",24605,"0000"
"104941",24600,"0000"
"104942",24605,"0000"
"104948",24600,"0000"
"104953",24605,"0000"
"104955",24600,"0000"
"104957",24605,"0000"
"104958",24600,"0000"
"105002",24595,"0000"
"105007",24605,"0000"
"105022",24600,"0000"
"105031",24605,"0000"
"105033",24600,"0000"
"105033",24595,"0001"
"105036",24600,"0000"
"105042",24605,"0000"
"105046",24600,"0000"
"105048",24590,"0000"
"105048",24595,"0001"
"105050",24600,"0000"
"105058",24605,"0000"
"105104",24600,"0000"
"105116",24605,"0000"
"105122",24600,"0000"
"105123",24605,"0000"
"105126",24600,"0000"
"105127",24605,"0000"
"105133",24600,"0000"
"105133",24605,"0001"
"105154",24600,"0000"
"105158",24605,"0000"
"105206",24600,"0000"
"105206",24610,"0001"
"105219",24605,"0000"
"105220",24610,"0000"
"105229",24600,"0000"
"105230",24610,"0000"
"105243",24605,"0000"
"105252",24610,"0000"
"105258",24605,"0000"
"105301",24600,"0000"
"105301",24605,"0001"
"105308",24610,"0000"
"105309",24605,"0000"
"105314",24600,"0000"
"105315",24605,"0000"
"105333",24595,"0000"
"105337",24605,"0000"
"105405",24600,"0000"
"105419",24605,"0000"
"105442",24600,"0000"
"105443",24605,"0000"
"105453",24600,"0000"
"105453",24605,"0001"
"105501",24610,"0000"
"105502",24605,"0000"
"105509",24610,"0000"
"105513",24605,"0000"
"105534",24600,"0000"
"105535",24605,"0000"
"105615",24600,"0000"
"105618",24605,"0000"
"105634",24600,"0000"
"105636",24605,"0000"
"105724",24610,"0000"
"105728",24605,"0000"
"105730",24610,"0000"
"105733",24605,"0000"
"105734",24600,"0000"
"105739",24605,"0000"
"105754",24600,"0000"
"105802",24605,"0000"
"105812",24600,"0000"
"105813",24605,"0000"
"105814",24600,"0000"
"105821",24595,"0000"
"105825",24600,"0000"
"105831",24595,"0000"
"105833",24600,"0000"
"105834",24595,"0000"
"105839",24600,"0000"
"105840",24595,"0000"
"105850",24605,"0000"
"105851",24595,"0000"
"105853",24605,"0000"
"105909",24600,"0000"
"105912",24610,"0000"
"105916",24605,"0000"
"105918",24600,"0000"
"105923",24605,"0000"
"105928",24600,"0000"
"105930",24605,"0000"
"105934",24610,"0000"
"105937",24605,"0000"
"105938",24610,"0000"
"105947",24605,"0000"
"105949",24610,"0000"
"105956",24605,"0000"
"105956",24610,"0001"
"105958",24605,"0000"
"110006",24600,"0000"
"110007",24605,"0000"
"110008",24600,"0000"
"110008",24605,"0001"
"110009",24600,"0000"
"110010",24605,"0000"
"110015",24595,"0000"
"110019",24605,"0000"
"110023",24600,"0000"
"110025",24595,"0000"
"110035",24600,"0000"
"110043",24597,"0000"
"110043",24595,"0001"
"110044",24590,"0000"
"110045",24595,"0000"
"110053",24590,"0000"
"110054",24595,"0000"
"110106",24590,"0000"
"110109",24595,"0000"
"110111",24590,"0000"
"110114",24595,"0000"
"110115",24590,"0000"
"110116",24595,"0000"
"110117",24590,"0000"
"110118",24595,"0000"
"110123",24590,"0000"
"110123",24595,"0001"
"110132",24590,"0000"
"110133",24595,"0000"
"110139",24590,"0000"
"110148",24595,"0000"
"110158",24590,"0000"
"110206",24585,"0000"
"110219",24580,"0000"
"110219",24585,"0001"
"110220",24580,"0000"
"110223",24585,"0000"
"110246",24580,"0000"
"110247",24585,"0000"
"110305",24580,"0000"
"110306",24585,"0000"
"110523",24582,"0000"
"110523",24585,"0001"
"110526",24580,"0000"
"110530",24585,"0000"
"110607",24580,"0000"
"110607",24585,"0001"
"110622",24575,"0000"
"110623",24580,"0000"
"110627",24575,"0000"
"110627",24580,"0001"
"110642",24585,"0000"
"110750",24582,"0000"
"110751",24585,"0000"
"110756",24590,"0000"
"110756",24585,"0001"
"110759",24590,"0000"
"110823",24595,"0000"
"110824",24590,"0000"
"110825",24595,"0000"
"110906",24590,"0000"
"110914",24595,"0000"
"110918",24590,"0000"
"110935",24595,"0000"
"111017",24590,"0000"
"111018",24595,"0000"
"111022",24590,"0000"
"111025",24595,"0000"
"111025",24590,"0001"
"111026",24595,"0000"
"111109",24590,"0000"
"111110",24595,"0000"
"111128",24600,"0000"
"111129",24595,"0000"
"111132",24600,"0000"
"111147",24595,"0000"
"111154",24600,"0000"
"111213",24595,"0000"
"111224",24590,"0000"
"111225",24595,"0000"
"111230",24590,"0000"
"111233",24595,"0000"
"111237",24590,"0000"
"111238",24595,"0000"
"111239",24590,"0000"
"111243",24595,"0000"
"111313",24590,"0000"
"111314",24595,"0000"
"111329",24590,"0000"
"111332",24595,"0000"
"111345",24587,"0000"
"111350",24595,"0000"
"111358",24592,"0000"
"111408",24595,"0000"
"111416",24590,"0000"
"111418",24595,"0000"
"111425",24600,"0000"
"111443",24585,"0000"
"111444",24595,"0000"
"111450",24600,"0000"
"111500",24585,"0000"
"111501",24600,"0000"
"111519",24595,"0000"
"111528",24585,"0000"
"111541",24595,"0000"
"111613",24585,"0000"
"111616",24600,"0000"
"111627",24585,"0000"
"111630",24600,"0000"
"111654",24585,"0000"
"111839",24580,"0000"
"111857",24585,"0000"
"111905",24580,"0000"
"111912",24585,"0000"
"111944",24580,"0000"
"111945",24582,"0000"
"112024",24580,"0000"
"112027",24582,"0000"
"112030",24580,"0000"
"112036",24582,"0000"
"112045",24580,"0000"
"112059",24575,"0000"
"112100",24577,"0000"
"112102",24575,"0000"
"112106",24570,"0000"
"112115",24567,"0000"
"112127",24565,"0000"
"112144",24560,"0000"
"112145",24565,"0000"
"112149",24562,"0000"
"112153",24565,"0000"
"112210",24570,"0000"
"112214",24567,"0000"
"112215",24570,"0000"
"112246",24567,"0000"
"112248",24570,"0000"
"112257",24565,"0000"
"112258",24570,"0000"
"112311",24575,"0000"
"112314",24580,"0000"
"112319",24575,"0000"
"112323",24580,"0000"
"112324",24575,"0000"
"112339",24570,"0000"
"112344",24560,"0000"
"112345",24570,"0000"
"112354",24575,"0000"
"112355",24570,"0000"
"112356",24575,"0000"
"112357",24570,"0000"
"112400",24580,"0000"
"112401",24570,"0000"
"112406",24575,"0000"
"112412",24580,"0000"
"112438",24570,"0000"
"112443",24580,"0000"
"112452",24575,"0000"
"112458",24580,"0000"
"112509",24575,"0000"
"112514",24580,"0000"
"112514",24575,"0001"
"112530",24580,"0000"
"112555",24585,"0000"
"112612",24580,"0000"
"112618",24585,"0000"
"112640",24580,"0000"
"112649",24585,"0000"
"112654",24580,"0000"
"112702",24575,"0000"
"112705",24580,"0000"
"112707",24575,"0000"
"112713",24580,"0000"
"112735",24575,"0000"
"112738",24580,"0000"
"112754",24575,"0000"
"112759",24580,"0000"
"112827",24577,"0000"
"112827",24575,"0001"
"112838",24565,"0000"
"112839",24555,"0000"
"112843",24575,"0000"
"112950",24555,"0000"
"113000",24570,"0000"
"113001",24550,"0000"
"113001",24570,"0001"
"113012",24550,"0000"
"113017",24570,"0000"
"113030",24550,"0000"
"113033",24565,"0000"
"113045",24570,"0000"
"113117",24550,"0000"
"113120",24570,"0000"
"113128",24550,"0000"
"113128",24540,"0001"
"113132",24545,"0000"
"113135",24570,"0000"
"113140",24545,"0000"
"113140",24535,"0001"
"113145",24565,"0000"
"113147",24540,"0000"
"113229",24550,"0000"
"113243",24560,"0000"
"113247",24545,"0000"
"113306",24560,"0000"
"113317",24545,"0000"
"113319",24560,"0000"
"113347",24550,"0000"
"113347",24560,"0001"
"113349",24550,"0000"
"113353",24560,"0000"
"113429",24555,"0000"
"113441",24560,"0000"
"113515",24545,"0000"
"113516",24560,"0000"
"113520",24545,"0000"
"113522",24560,"0000"
"113523",24545,"0000"
"113525",24560,"0000"
"113526",24545,"0000"
"113536",24560,"0000"
"113605",24550,"0000"
"113755",24545,"0000"
"113803",24540,"0000"
"113807",24535,"0000"
"113809",24545,"0000"
"113833",24535,"0000"
"113902",24530,"0000"
"113907",24535,"0000"
"113934",24530,"0000"
"113944",24532,"0000"
"113944",24535,"0001"
"114045",24540,"0000"
"114046",24535,"0000"
"114103",24545,"0000"
"114107",24535,"0000"
"114126",24530,"0000"
"114152",24525,"0000"
"114156",24530,"0000"
"114223",24525,"0000"
"114226",24530,"0000"
"114228",24525,"0000"
"114228",24530,"0001"
"114229",24535,"0000"
"114229",24530,"0001"
"114238",24535,"0000"
"114242",24545,"0000"
"114304",24540,"0000"
"114306",24545,"0000"
"114309",24540,"0000"
"114313",24545,"0000"
"114351",24540,"0000"
"114359",24545,"0000"
"114401",24540,"0000"
"114403",24545,"0000"
"114412",24540,"0000"
"114450",24545,"0000"
"114453",24540,"0000"
"114455",24545,"0000"
"114524",24540,"0000"
"114525",24545,"0000"
"114633",24550,"0000"
"114637",24545,"0000"
"114642",24550,"0000"
"114643",24545,"0000"
"114647",24550,"0000"
"114648",24545,"0000"
"114650",24555,"0000"
"114659",24560,"0000"
"114723",24570,"0000"
"114724",24560,"0000"
"114730",24555,"0000"
"114731",24560,"0000"
"114807",24555,"0000"
"114808",24560,"0000"
"114832",24550,"0000"
"114855",24560,"0000"
"114906",24555,"0000"
"114910",24560,"0000"
"114917",24550,"0000"
"114918",24560,"0000"
"114926",24555,"0000"
"114926",24560,"0001"
"114936",24555,"0000"
"114942",24560,"0000"
"114945",24555,"0000"
"114945",24560,"0001"
"114955",24555,"0000"
"114955",24560,"0001"
"115004",24555,"0000"
"115004",24560,"0001"
"115014",24555,"0000"
"115014",24560,"0001"
"115033",24555,"0000"
"115033",24560,"0001"
"115042",24555,"0000"
"115042",24560,"0001"
"115052",24557,"0000"
"115052",24560,"0001"
"115101",24557,"0000"
"115102",24560,"0000"
"115111",24557,"0000"
"115111",24560,"0001"
"115113",24557,"0000"
"115114",24555,"0000"
"115116",24550,"0000"
"115117",24555,"0000"
"115120",24550,"0000"
"115122",24555,"0000"
"115130",24550,"0000"
"115131",24555,"0000"
"115139",24550,"0000"
"115139",24545,"0001"
"115140",24555,"0000"
"115158",24550,"0000"
"115158",24545,"0001"
"115159",24555,"0000"
"115208",24550,"0000"
"115210",24555,"0000"
"115217",24550,"0000"
"115217",24555,"0001"
"115245",24552,"0000"
"115246",24555,"0000"
"115258",24550,"0000"
"115259",24555,"0000"
"115336",24550,"0000"
"115345",24555,"0000"
"115350",24560,"0000"
"115355",24550,"0000"
"115355",24560,"0001"
"115414",24555,"0000"
"115419",24560,"0000"
"115428",24550,"0000"
"115430",24555,"0000"
"115431",24560,"0000"
"115454",24555,"0000"
"115457",24560,"0000"
"115505",24555,"0000"
"115801",24552,"0000"
"115803",24550,"0000"
"115810",24555,"0000"
"115810",24550,"0001"
"115830",24555,"0000"
"115849",24550,"0000"
"115851",24555,"0000"
"115914",24560,"0000"
"115916",24555,"0000"
"120001",24560,"0000"
"120208",24557,"0000"
"120210",24560,"0000"
"120257",24555,"0000"
"120314",24560,"0000"
"120317",24555,"0000"
"120319",24560,"0000"
"120344",24555,"0000"
"120402",24560,"0000"
"120404",24555,"0000"
"120405",24560,"0000"
"120432",24555,"0000"
"120432",24560,"0001"
"120455",24555,"0000"
"120455",24560,"0001"
"120547",24555,"0000"
"120552",24560,"0000"
"120648",24555,"0000"
"120653",24560,"0000"
"120656",24555,"0000"
"120701",24525,"0000"
"120702",24555,"0000"
"120707",24525,"0000"
"120709",24500,"0000"
"120709",24505,"0001"
"120719",24495,"0000"
"120722",24505,"0000"
"120725",24500,"0000"
"120727",24495,"0000"
"120727",24500,"0001"
"120732",24490,"0000"
"120732",24500,"0001"
"120741",24485,"0000"
"120741",24500,"0001"
"120743",24505,"0000"
"120749",24500,"0000"
"120750",24505,"0000"
"120815",24495,"0000"
"120816",24500,"0000"
"120818",24495,"0000"
"120818",24505,"0001"
"120821",24500,"0000"
"120823",24505,"0000"
"120824",24500,"0000"
"120824",24505,"0001"
"120825",24490,"0000"
"120825",24495,"0001"
"120838",24490,"0000"
"120839",24495,"0000"
"120855",24490,"0000"
"120917",24495,"0000"
"120919",24505,"0000"
"120921",24490,"0000"
"120929",24505,"0000"
"120932",24490,"0000"
"120952",24495,"0000"
"120957",24505,"0000"
"121038",24497,"0000"
"121105",24490,"0000"
"121108",24500,"0000"
"121145",24495,"0000"
"121146",24500,"0000"
"121252",24495,"0000"
"121253",24500,"0000"
"121318",24495,"0000"
"121320",24500,"0000"
"121320",24505,"0001"
"121323",24500,"0000"
"121325",24495,"0000"
"121326",24505,"0000"
"121328",24500,"0000"
"121329",24505,"0000"
"121331",24500,"0000"
"121331",24495,"0001"
"121331",24500,"0002"
"121332",24505,"0000"
"121338",24495,"0000"
"121339",24505,"0000"
"121342",24500,"0000"
"121342",24505,"0001"
"121343",24500,"0000"
"121344",24495,"0000"
"121345",24505,"0000"
"121350",24495,"0000"
"121351",24505,"0000"
"121356",24495,"0000"
"121357",24505,"0000"
"121358",24495,"0000"
"121403",24510,"0000"
"121409",24495,"0000"
"121412",24510,"0000"
"121415",24495,"0000"
"121416",24510,"0000"
"121421",24495,"0000"
"121422",24510,"0000"
"121427",24500,"0000"
"121428",24510,"0000"
"121433",24500,"0000"
"121434",24510,"0000"
"121440",24500,"0000"
"121446",24505,"0000"
"121449",24510,"0000"
"121452",24505,"0000"
"121453",24510,"0000"
"121458",24505,"0000"
"121459",24510,"0000"
"121501",24505,"0000"
"121505",24500,"0000"
"121505",24505,"0001"
"121509",24510,"0000"
"121523",24500,"0000"
"121523",24510,"0001"
"121529",24500,"0000"
"121530",24510,"0000"
"121536",24505,"0000"
"121538",24510,"0000"
"121542",24500,"0000"
"121548",24495,"0000"
"121556",24500,"0000"
"121559",24510,"0000"
"121600",24500,"0000"
"121600",24510,"0001"
"121607",24500,"0000"
"121612",24510,"0000"
"121613",24500,"0000"
"121613",24510,"0001"
"121619",24500,"0000"
"121621",24510,"0000"
"121635",24505,"0000"
"121637",24510,"0000"
"121700",24505,"0000"
"121705",24510,"0000"
"121718",24505,"0000"
"121719",24510,"0000"
"121748",24515,"0000"
"121825",24510,"0000"
"121830",24515,"0000"
"121848",24510,"0000"
"121858",24515,"0000"
"121919",24510,"0000"
"121931",24515,"0000"
"121933",24510,"0000"
"121933",24515,"0001"
"121938",24510,"0000"
"121942",24515,"0000"
"121943",24525,"0000"
"121946",24515,"0000"
"121946",24525,"0001"
"121948",24520,"0000"
"121952",24515,"0000"
"121953",24520,"0000"
"121959",24515,"0000"
"122000",24520,"0000"
"122005",24515,"0000"
"122007",24517,"0000"
"122007",24515,"0001"
"122015",24517,"0000"
"122016",24515,"0000"
"122018",24510,"0000"
"122019",24515,"0000"
"122024",24510,"0000"
"122031",24515,"0000"
"122037",24510,"0000"
"122038",24515,"0000"
"122039",24510,"0000"
"122040",24515,"0000"
"122045",24510,"0000"
"122047",24515,"0000"
"122047",24510,"0001"
"122054",24515,"0000"
"122056",24510,"0000"
"122058",24515,"0000"
"122058",24510,"0001"
"122102",24515,"0000"
"122103",24510,"0000"
"122106",24515,"0000"
"122109",24510,"0000"
"122131",24515,"0000"
"122134",24510,"0000"
"122136",24520,"0000"
"122139",24510,"0000"
"122142",24520,"0000"
"122148",24515,"0000"
"122148",24520,"0001"
"122154",24510,"0000"
"122156",24520,"0000"
"122159",24510,"0000"
"122204",24520,"0000"
"122207",24510,"0000"
"122207",24520,"0001"
"122214",24510,"0000"
"122219",24515,"0000"
"122220",24520,"0000"
"122240",24515,"0000"
"122249",24520,"0000"
"122255",24515,"0000"
"122302",24510,"0000"
"122305",24515,"0000"
"122317",24520,"0000"
"122320",24510,"0000"
"122321",24515,"0000"
"122326",24520,"0000"
"122340",24517,"0000"
"122341",24520,"0000"
"122400",24517,"0000"
"122402",24520,"0000"
"122420",24517,"0000"
"122421",24520,"0000"
"122440",24517,"0000"
"122441",24520,"0000"
"122448",24517,"0000"
"122451",24520,"0000"
"122500",24515,"0000"
"122501",24520,"0000"
"122520",24515,"0000"
"122528",24520,"0000"
"122550",24515,"0000"
"122605",24520,"0000"
"122829",24517,"0000"
"122846",24515,"0000"
"122911",24520,"0000"
"123031",24515,"0000"
"123041",24520,"0000"
"123110",24515,"0000"
"123118",24520,"0000"
"123121",24515,"0000"
"123130",24520,"0000"
"123133",24515,"0000"
"123156",24520,"0000"
"123158",24515,"0000"
"123203",24520,"0000"
"123205",24515,"0000"
"123205",24520,"0001"
"123209",24515,"0000"
"123210",24520,"0000"
"123210",24515,"0001"
"123217",24525,"0000"
"123218",24515,"0000"
"123223",24525,"0000"
"123229",24515,"0000"
"123230",24525,"0000"
"123235",24515,"0000"
"123239",24520,"0000"
"123242",24515,"0000"
"123249",24520,"0000"
"123254",24515,"0000"
"123255",24520,"0000"
"123300",24515,"0000"
"123303",24520,"0000"
"123307",24515,"0000"
"123311",24520,"0000"
"123311",24515,"0001"
"123322",24520,"0000"
"123325",24515,"0000"
"123329",24520,"0000"
"123331",24515,"0000"
"123332",24520,"0000"
"123338",24515,"0000"
"123410",24520,"0000"
"123415",24515,"0000"
"123420",24520,"0000"
"123421",24515,"0000"
"123422",24520,"0000"
"123426",24515,"0000"
"123427",24520,"0000"
"123430",24515,"0000"
"123431",24510,"0000"
"123432",24515,"0000"
"123435",24510,"0000"
"123438",24515,"0000"
"123448",24510,"0000"
"123453",24515,"0000"
"123529",24510,"0000"
"123530",24505,"0000"
"123530",24515,"0001"
"123537",24505,"0000"
"123538",24515,"0000"
"123541",24505,"0000"
"123542",24515,"0000"
"123555",24510,"0000"
"123649",24505,"0000"
"123650",24510,"0000"
"123655",24505,"0000"
"123656",24510,"0000"
"123704",24505,"0000"
"123709",24510,"0000"
"123718",24505,"0000"
"123728",24510,"0000"
"123738",24505,"0000"
"123741",24510,"0000"
"123810",24505,"0000"
"123811",24510,"0000"
"123818",24505,"0000"
"123830",24510,"0000"
"123832",24505,"0000"
"123834",24510,"0000"
"123836",24505,"0000"
"123838",24502,"0000"
"123838",24505,"0001"
"123938",24510,"0000"
"124013",24505,"0000"
"124015",24510,"0000"
"124031",24500,"0000"
"124037",24510,"0000"
"124059",24500,"0000"
"124100",24510,"0000"
"124138",24505,"0000"
"124140",24510,"0000"
"124152",24505,"0000"
"124156",24510,"0000"
"124157",24505,"0000"
"124201",24500,"0000"
"124244",24495,"0000"
"124248",24500,"0000"
"124332",24495,"0000"
"124333",24500,"0000"
"124337",24495,"0000"
"124341",24490,"0000"
"124342",24495,"0000"
"124344",24490,"0000"
"124348",24495,"0000"
"124351",24490,"0000"
"124354",24495,"0000"
"124400",24500,"0000"
"124423",24495,"0000"
"124449",24500,"0000"
"124458",24495,"0000"
"124500",24500,"0000"
"124600",24495,"0000"
"124600",24500,"0001"
"124604",24495,"0000"
"124610",24500,"0000"
"124622",24495,"0000"
"124625",24500,"0000"
"124628",24495,"0000"
"124632",24500,"0000"
"124634",24495,"0000"
"124639",24500,"0000"
"124641",24490,"0000"
"124649",24495,"0000"
"124651",24500,"0000"
"124653",24490,"0000"
"124710",24500,"0000"
"124711",24490,"0000"
"124723",24500,"0000"
"124724",24490,"0000"
"124741",24500,"0000"
"124743",24490,"0000"
"124802",24495,"0000"
"124807",24490,"0000"
"124817",24500,"0000"
"124818",24495,"0000"
"124820",24490,"0000"
"124825",24500,"0000"
"124826",24490,"0000"
"124830",24500,"0000"
"124832",24490,"0000"
"124839",24495,"0000"
"124840",24500,"0000"
"124845",24490,"0000"
"124851",24495,"0000"
"124906",24500,"0000"
"124913",24505,"0000"
"124916",24495,"0000"
"124922",24490,"0000"
"124924",24505,"0000"
"124924",24490,"0001"
"124930",24505,"0000"
"124934",24490,"0000"
"124936",24505,"0000"
"125014",24495,"0000"
"125015",24505,"0000"
"125031",24495,"0000"
"125034",24505,"0000"
"125040",24500,"0000"
"125041",24505,"0000"
"125113",24502,"0000"
"125113",24505,"0001"
"125128",24500,"0000"
"125130",24505,"0000"
"125137",24500,"0000"
"125149",24505,"0000"
"125154",24500,"0000"
"125154",24505,"0001"
"125206",24510,"0000"
"125207",24505,"0000"
"125219",24500,"0000"
"125223",24510,"0000"
"125223",24500,"0001"
"125224",24510,"0000"
"125228",24505,"0000"
"125229",24500,"0000"
"125233",24505,"0000"
"125235",24500,"0000"
"125236",24505,"0000"
"125242",24500,"0000"
"125254",24490,"0000"
"125305",24500,"0000"
"125306",24490,"0000"
"125308",24500,"0000"
"125313",24490,"0000"
"125319",24500,"0000"
"125319",24490,"0001"
"125320",24500,"0000"
"125325",24490,"0000"
"125326",24500,"0000"
"125331",24490,"0000"
"125337",24500,"0000"
"125344",24490,"0000"
"125354",24500,"0000"
"125356",24490,"0000"
"125407",24495,"0000"
"125408",24500,"0000"
"125409",24490,"0000"
"125413",24500,"0000"
"125415",24490,"0000"
"125427",24495,"0000"
"125438",24500,"0000"
"125440",24495,"0000"
"125446",24500,"0000"
"125446",24495,"0001"
"125450",24500,"0000"
"125454",24495,"0000"
"125507",24500,"0000"
"125511",24495,"0000"
"125535",24505,"0000"
"125542",24500,"0000"
"125604",24495,"0000"
"125608",24500,"0000"
"125654",24510,"0000"
"125710",24500,"0000"
"125712",24510,"0000"
"125716",24500,"0000"
"125740",24505,"0000"
"125750",24510,"0000"
"125817",24505,"0000"
"125818",24510,"0000"
"125906",24505,"0000"
"125924",24500,"0000"
"125931",24510,"0000"
"125946",24500,"0000"
"125958",24505,"0000"
"130019",24500,"0000"
"130019",24505,"0001"
"130026",24502,"0000"
"130030",24505,"0000"
"130109",24500,"0000"
"130139",24505,"0000"
"130149",24500,"0000"
"130209",24510,"0000"
"130214",24500,"0000"
"130302",24505,"0000"
"130303",24500,"0000"
"130303",24505,"0001"
"130310",24500,"0000"
"130311",24505,"0000"
"130316",24500,"0000"
"130322",24495,"0000"
"130325",24500,"0000"
"130328",24495,"0000"
"130331",24500,"0000"
"130332",24495,"0000"
"130338",24500,"0000"
"130341",24495,"0000"
"130341",24500,"0001"
"130346",24495,"0000"
"130347",24490,"0000"
"130349",24495,"0000"
"130351",24490,"0000"
"130351",24495,"0001"
"130353",24490,"0000"
"130401",24495,"0000"
"130405",24490,"0000"
"130407",24492,"0000"
"130408",24495,"0000"
"130412",24490,"0000"
"130413",24495,"0000"
"130416",24490,"0000"
"130417",24495,"0000"
"130418",24490,"0000"
"130420",24495,"0000"
"130424",24490,"0000"
"130424",24495,"0001"
"130430",24500,"0000"
"130430",24495,"0001"
"130431",24500,"0000"
"130442",24495,"0000"
"130445",24500,"0000"
"130450",24495,"0000"
"130454",24500,"0000"
"130523",24495,"0000"
"130528",24500,"0000"
"130553",24495,"0000"
"130554",24490,"0000"
"130559",24500,"0000"
"130618",24495,"0000"
"130709",24492,"0000"
"130713",24495,"0000"
"130721",24490,"0000"
"130730",24495,"0000"
"130823",24490,"0000"
"130911",24495,"0000"
"130938",24492,"0000"
"130944",24495,"0000"
"130944",24490,"0001"
"131009",24495,"0000"
"131010",24490,"0000"
"131049",24495,"0000"
"131055",24490,"0000"
"131108",24495,"0000"
"131109",24490,"0000"
"131145",24495,"0000"
"131151",24490,"0000"
"131322",24495,"0000"
"131417",24490,"0000"
"131418",24495,"0000"
"131529",24500,"0000"
"131531",24495,"0000"
"131532",24500,"0000"
"131621",24505,"0000"
"131652",24510,"0000"
"131716",24505,"0000"
"131717",24500,"0000"
"131723",24505,"0000"
"131740",24495,"0000"
"131741",24505,"0000"
"131741",24495,"0001"
"131745",24490,"0000"
"131747",24505,"0000"
"131750",24490,"0000"
"131756",24505,"0000"
"131841",24495,"0000"
"131843",24500,"0000"
"131843",24505,"0001"
"131920",24502,"0000"
"131926",24505,"0000"
"131939",24500,"0000"
"131956",24495,"0000"
"132000",24500,"0000"
"132043",24495,"0000"
"132049",24490,"0000"
"132057",24485,"0000"
"132101",24490,"0000"
"132111",24485,"0000"
"132114",24490,"0000"
"132153",24500,"0000"
"132157",24505,"0000"
"132214",24510,"0000"
"132221",24505,"0000"
"132225",24495,"0000"
"132232",24500,"0000"
"132303",24505,"0000"
"132312",24510,"0000"
"132316",24505,"0000"
"132322",24510,"0000"
"132322",24505,"0001"
"132324",24510,"0000"
"132328",24505,"0000"
"132334",24500,"0000"
"132340",24505,"0000"
"132347",24500,"0000"
"132359",24505,"0000"
"132405",24500,"0000"
"132408",24510,"0000"
"132412",24500,"0000"
"132431",24510,"0000"
"132436",24505,"0000"
"132507",24500,"0000"
"132514",24507,"0000"
"132519",24510,"0000"
"132520",24507,"0000"
"132525",24510,"0000"
"132526",24505,"0000"
"132530",24510,"0000"
"132613",24515,"0000"
"132616",24510,"0000"
"132622",24515,"0000"
"132657",24510,"0000"
"132657",24515,"0001"
"132701",24520,"0000"
"132730",24515,"0000"
"132742",24512,"0000"
"132743",24515,"0000"
"132754",24520,"0000"
"132804",24517,"0000"
"132810",24515,"0000"
"132833",24520,"0000"
"132833",24515,"0001"
"132846",24510,"0000"
"132902",24520,"0000"
"132903",24510,"0000"
"132918",24520,"0000"
"132923",24510,"0000"
"132956",24520,"0000"
"133000",24510,"0000"
"133021",24520,"0000"
"133025",24510,"0000"
"133050",24505,"0000"
"133056",24510,"0000"
"133128",24520,"0000"
"133157",24510,"0000"
"133235",24520,"0000"
"133245",24510,"0000"
"133246",24520,"0000"
"133341",24517,"0000"
"133350",24520,"0000"
"133413",24517,"0000"
"133414",24520,"0000"
"133422",24515,"0000"
"133427",24520,"0000"
"133453",24515,"0000"
"133534",24520,"0000"
"133545",24515,"0000"
"133731",24510,"0000"
"133740",24515,"0000"
"133746",24510,"0000"
"133747",24515,"0000"
"133758",24510,"0000"
"133759",24515,"0000"
"133808",24520,"0000"
"133813",24515,"0000"
"133814",24520,"0000"
"133816",24510,"0000"
"133829",24520,"0000"
"133904",24515,"0000"
"133912",24520,"0000"
"133914",24515,"0000"
"133944",24520,"0000"
"133948",24515,"0000"
"134026",24510,"0000"
"134100",24512,"0000"
"134109",24515,"0000"
"134138",24520,"0000"
"134235",24517,"0000"
"134245",24515,"0000"
"134253",24517,"0000"
"134305",24515,"0000"
"134313",24520,"0000"
"134342",24510,"0000"
"134426",24515,"0000"
"134446",24510,"0000"
"134451",24515,"0000"
"134458",24510,"0000"
"134458",24515,"0001"
"134522",24512,"0000"
"134533",24510,"0000"
"134605",24507,"0000"
"134606",24510,"0000"
"134642",24507,"0000"
"134648",24510,"0000"
"134705",24507,"0000"
"134740",24505,"0000"
"134749",24510,"0000"
"134757",24505,"0000"
"134807",24510,"0000"
"134818",24505,"0000"
"134819",24510,"0000"
"134952",24505,"0000"
"135002",24510,"0000"
"135012",24505,"0000"
"135033",24510,"0000"
"135047",24512,"0000"
"135058",24515,"0000"
"135110",24510,"0000"
"135117",24505,"0000"
"135117",24515,"0001"
"135138",24510,"0000"
"135158",24505,"0000"
"135231",24507,"0000"
"135237",24505,"0000"
"135250",24507,"0000"
"135255",24505,"0000"
"135326",24507,"0000"
"135339",24505,"0000"
"135346",24507,"0000"
"135353",24505,"0000"
"135405",24507,"0000"
"135411",24505,"0000"
"135426",24507,"0000"
"135433",24505,"0000"
"135446",24507,"0000"
"135453",24510,"0000"
"135512",24515,"0000"
"135515",24510,"0000"
"135522",24515,"0000"
"135559",24512,"0000"
"135602",24510,"0000"
"135644",24515,"0000"
"135658",24505,"0000"
"135659",24510,"0000"
"135720",24507,"0000"
"135721",24505,"0000"
"135721",24510,"0001"
"135724",24505,"0000"
"135727",24510,"0000"
"135734",24505,"0000"
"135849",24510,"0000"
"135851",24505,"0000"
"135901",24500,"0000"
"135901",24510,"0001"
"135904",24505,"0000"
"135906",24510,"0000"
"135926",24505,"0000"
"135931",24510,"0000"
"135932",24505,"0000"
"135937",24510,"0000"
"135943",24500,"0000"
"135948",24505,"0000"
"140004",24500,"0000"
"140017",24510,"0000"
"140027",24500,"0000"
"140029",24510,"0000"
"140032",24505,"0000"
"140036",24510,"0000"
"140039",24505,"0000"
"140053",24500,"0000"
"140059",24505,"0000"
"140158",24500,"0000"
"140158",24505,"0001"
"140204",24500,"0000"
"140311",24495,"0000"
"140320",24500,"0000"
"140321",24495,"0000"
"140326",24500,"0000"
"140335",24497,"0000"
"140337",24500,"0000"
"140344",24495,"0000"
"140345",24500,"0000"
"140406",24497,"0000"
"140418",24500,"0000"
"140421",24495,"0000"
"140435",24490,"0000"
"140511",24495,"0000"
"140521",24492,"0000"
"140526",24490,"0000"
"140528",24495,"0000"
"140544",24490,"0000"
"140616",24485,"0000"
"140621",24490,"0000"
"140632",24485,"0000"
"140719",24480,"0000"
"140719",24485,"0001"
"140736",24480,"0000"
"140824",24485,"0000"
"140826",24480,"0000"
"140840",24485,"0000"
"140908",24490,"0000"
"140932",24485,"0000"
"140936",24490,"0000"
"141012",24485,"0000"
"141014",24490,"0000"
"141018",24485,"0000"
"141035",24490,"0000"
"141039",24480,"0000"
"141042",24485,"0000"
"141049",24480,"0000"
"141142",24485,"0000"
"141146",24475,"0000"
"141147",24485,"0000"
"141158",24475,"0000"
"141200",24480,"0000"
"141252",24475,"0000"
"141307",24480,"0000"
"141311",24477,"0000"
"141320",24480,"0000"
"141330",24477,"0000"
"141339",24480,"0000"
"141359",24477,"0000"
"141404",24480,"0000"
"141431",24475,"0000"
"141432",24480,"0000"
"141434",24475,"0000"
"141436",24480,"0000"
"141436",24475,"0001"
"141444",24480,"0000"
"141445",24475,"0000"
"141445",24470,"0001"
"141446",24475,"0000"
"141447",24470,"0000"
"141500",24475,"0000"
"141501",24470,"0000"
"141506",24465,"0000"
"141519",24470,"0000"
"141526",24465,"0000"
"141529",24470,"0000"
"141558",24465,"0000"
"141623",24467,"0000"
"141629",24470,"0000"
"141634",24465,"0000"
"141636",24470,"0000"
"141708",24465,"0000"
"141719",24460,"0000"
"141748",24455,"0000"
"141749",24460,"0000"
"141836",24465,"0000"
"141850",24470,"0000"
"141901",24465,"0000"
"141925",24470,"0000"
"141928",24465,"0000"
"141949",24460,"0000"
"141952",24465,"0000"
"142004",24460,"0000"
"142010",24455,"0000"
"142027",24460,"0000"
"142029",24455,"0000"
"142103",24460,"0000"
"142124",24465,"0000"
"142131",24460,"0000"
"142137",24455,"0000"
"142141",24465,"0000"
"142148",24460,"0000"
"142154",24465,"0000"
"142225",24460,"0000"
"142234",24465,"0000"
"142244",24460,"0000"
"142254",24465,"0000"
"142254",24460,"0001"
"142255",24465,"0000"
"142301",24460,"0000"
"142304",24465,"0000"
"142345",24460,"0000"
"142349",24465,"0000"
"142350",24455,"0000"
"142416",24460,"0000"
"142417",24465,"0000"
"142421",24460,"0000"
"142436",24465,"0000"
"142457",24460,"0000"
"142459",24465,"0000"
"142512",24460,"0000"
"142521",24465,"0000"
"142554",24460,"0000"
"142558",24455,"0000"
"142600",24460,"0000"
"142603",24455,"0000"
"142624",24457,"0000"
"142625",24455,"0000"
"142637",24460,"0000"
"142649",24455,"0000"
"142710",24450,"0000"
"142719",24455,"0000"
"142724",24450,"0000"
"142737",24445,"0000"
"142739",24450,"0000"
"142754",24445,"0000"
"142806",24450,"0000"
"142808",24445,"0000"
"142813",24450,"0000"
"142814",24445,"0000"
"142817",24440,"0000"
"142914",24435,"0000"
"142917",24440,"0000"
"142924",24435,"0000"
"142933",24440,"0000"
"143012",24430,"0000"
"143016",24435,"0000"
"143030",24430,"0000"
"143048",24435,"0000"
"143054",24440,"0000"
"143127",24445,"0000"
"143137",24440,"0000"
"143144",24445,"0000"
"143146",24440,"0000"
"143149",24445,"0000"
"143217",24450,"0000"
"143308",24445,"0000"
"143321",24450,"0000"
"143328",24445,"0000"
"143336",24450,"0000"
"143343",24445,"0000"
"143347",24450,"0000"
"143427",24445,"0000"
"143428",24450,"0000"
"143454",24455,"0000"
"143500",24450,"0000"
"143525",24445,"0000"
"143609",24455,"0000"
"143645",24450,"0000"
"143646",24445,"0000"
"143651",24455,"0000"
"143710",24450,"0000"
"143713",24455,"0000"
"143718",24445,"0000"
"143720",24455,"0000"
"143720",24445,"0001"
"143728",24450,"0000"
"143737",24455,"0000"
"143745",24460,"0000"
"143757",24445,"0000"
"143805",24455,"0000"
"143814",24445,"0000"
"143820",24455,"0000"
"143903",24450,"0000"
"143904",24445,"0000"
"143921",24450,"0000"
"143947",24445,"0000"
"144000",24447,"0000"
"144006",24455,"0000"
"144010",24445,"0000"
"144011",24450,"0000"
"144036",24455,"0000"
"144117",24450,"0000"
"144144",24455,"0000"
"144152",24450,"0000"
"144224",24445,"0000"
"144242",24450,"0000"
"144243",24445,"0000"
"144253",24450,"0000"
"144318",24455,"0000"
"144329",24450,"0000"
"144330",24445,"0000"
"144331",24450,"0000"
"144334",24445,"0000"
"144344",24450,"0000"
"144348",24455,"0000"
"144353",24450,"0000"
"144405",24455,"0000"
"144405",24450,"0001"
"144409",24455,"0000"
"144411",24450,"0000"
"144418",24455,"0000"
"144420",24450,"0000"
"144425",24455,"0000"
"144430",24450,"0000"
"144434",24455,"0000"
"144436",24450,"0000"
"144437",24445,"0000"
"144437",24450,"0001"
"144442",24445,"0000"
"144446",24455,"0000"
"144448",24450,"0000"
"144455",24445,"0000"
"144501",24450,"0000"
"144506",24455,"0000"
"144513",24450,"0000"
"144519",24455,"0000"
"144520",24450,"0000"
"144541",24455,"0000"
"144544",24450,"0000"
"144548",24460,"0000"
"144551",24450,"0000"
"144609",24460,"0000"
"144609",24450,"0001"
"144634",24445,"0000"
"144635",24455,"0000"
"144650",24450,"0000"
"144654",24455,"0000"
"144724",24460,"0000"
"144725",24455,"0000"
"144730",24450,"0000"
"144731",24455,"0000"
"144754",24452,"0000"
"144757",24450,"0000"
"144757",24440,"0001"
"144801",24445,"0000"
"144813",24450,"0000"
"144828",24445,"0000"
"144829",24450,"0000"
"144841",24440,"0000"
"144842",24445,"0000"
"144845",24450,"0000"
"144846",24445,"0000"
"144846",24450,"0001"
"144847",24445,"0000"
"144850",24440,"0000"
"144855",24445,"0000"
"144901",24450,"0000"
"144903",24440,"0000"
"144904",24450,"0000"
"144915",24440,"0000"
"144920",24450,"0000"
"144924",24445,"0000"
"144925",24450,"0000"
"145000",24445,"0000"
"145010",24440,"0000"
"145011",24450,"0000"
"145012",24445,"0000"
"145012",24450,"0001"
"145018",24445,"0000"
"145022",24440,"0000"
"145032",24445,"0000"
"145051",24440,"0000"
"145116",24435,"0000"
"145121",24445,"0000"
"145145",24440,"0000"
"145148",24432,"0000"
"145150",24435,"0000"
"145213",24445,"0000"
"145222",24440,"0000"
"145225",24445,"0000"
"145232",24440,"0000"
"145308",24435,"0000"
"145314",24430,"0000"
"145326",24435,"0000"
"145328",24430,"0000"
"145338",24435,"0000"
"145407",24430,"0000"
"145411",24440,"0000"
"145436",24435,"0000"
"145439",24440,"0000"
"145504",24445,"0000"
"145532",24440,"0000"
"145533",24445,"0000"
"145539",24440,"0000"
"145544",24445,"0000"
"145556",24450,"0000"
"145600",24445,"0000"
"145606",24450,"0000"
"145608",24445,"0000"
"145608",24440,"0001"
"145609",24445,"0000"
"145622",24440,"0000"
"145626",24445,"0000"
"145641",24450,"0000"
"145648",24445,"0000"
"145649",24450,"0000"
"145650",24445,"0000"
"145650",24450,"0001"
"145710",24440,"0000"
"145730",24445,"0000"
"145730",24440,"0001"
"145736",24450,"0000"
"145756",24440,"0000"
"145758",24445,"0000"
"145838",24450,"0000"
"145903",24445,"0000"
"145947",24450,"0000"
"145950",24445,"0000"
"145953",24450,"0000"
"145959",24445,"0000"
"150002",24450,"0000"
"150003",24445,"0000"
"150004",24450,"0000"
"150007",24445,"0000"
"150008",24455,"0000"
"150008",24450,"0001"
"150014",24445,"0000"
"150016",24450,"0000"
"150018",24445,"0000"
"150044",24450,"0000"
"150056",24445,"0000"
"150105",24440,"0000"
"150105",24445,"0001"
"150123",24447,"0000"
"150137",24445,"0000"
"150152",24455,"0000"
"150200",24450,"0000"
"150212",24445,"0000"
"150220",24440,"0000"
"150221",24445,"0000"
"150231",24450,"0000"
"150247",24455,"0000"
"150253",24450,"0000"
"150253",24445,"0001"
"150300",24450,"0000"
"150327",24445,"0000"
"150328",24450,"0000"
"150352",24445,"0000"
"150357",24450,"0000"
"150419",24445,"0000"
"150435",24442,"0000"
"150436",24440,"0000"
"150437",24442,"0000"
"150442",24440,"0000"
"150443",24442,"0000"
"150448",24440,"0000"
"150449",24442,"0000"
"150455",24440,"0000"
"150456",24442,"0000"
"150501",24440,"0000"
"150502",24442,"0000"
"150507",24440,"0000"
"150508",24442,"0000"
"150513",24440,"0000"
"150514",24442,"0000"
"150515",24440,"0000"
"150516",24435,"0000"
"150520",24440,"0000"
"150527",24435,"0000"
"150530",24440,"0000"
"150532",24435,"0000"
"150533",24440,"0000"
"150538",24435,"0000"
"150539",24440,"0000"
"150544",24435,"0000"
"150545",24440,"0000"
"150551",24445,"0000"
"150558",24440,"0000"
"150603",24445,"0000"
"150604",24440,"0000"
"150609",24445,"0000"
"150609",24440,"0001"
"150610",24445,"0000"
"150615",24440,"0000"
"150616",24445,"0000"
"150623",24440,"0000"
"150628",24445,"0000"
"150629",24440,"0000"
"150634",24445,"0000"
"150635",24440,"0000"
"150638",24445,"0000"
"150641",24440,"0000"
"150646",24445,"0000"
"150646",24440,"0001"
"150647",24445,"0000"
"150725",24440,"0000"
"150730",24445,"0000"
"150731",24440,"0000"
"150736",24445,"0000"
"150736",24440,"0001"
"150744",24442,"0000"
"150801",24445,"0000"
"150900",24440,"0000"
"150905",24445,"0000"
"150916",24440,"0000"
"150950",24435,"0000"
"150955",24440,"0000"
"150955",24435,"0001"
"150958",24440,"0000"
"150959",24435,"0000"
"151109",24430,"0000"
"151124",24435,"0000"
"151144",24440,"0000"
"151149",24430,"0000"
"151202",24440,"0000"
"151224",24430,"0000"
"151243",24425,"0000"
"151321",24430,"0000"
"151351",24435,"0000"
"151355",24430,"0000"
"151432",24425,"0000"
"151450",24430,"0000"
"151501",24425,"0000"
"151508",24430,"0000"
"151520",24425,"0000"
"151522",24420,"0000"
"151525",24425,"0000"
"151554",24430,"0000"
"151633",24435,"0000"
"151635",24430,"0000"
"151708",24435,"0000"
"151712",24430,"0000"
"151724",24425,"0000"
"151725",24430,"0000"
"151729",24435,"0000"
"151745",24440,"0000"
"151747",24435,"0000"
"151758",24430,"0000"
"151801",24435,"0000"
"151810",24440,"0000"
"151817",24435,"0000"
"151821",24440,"0000"
"151824",24435,"0000"
"151832",24440,"0000"
"151856",24445,"0000"
"151926",24440,"0000"
"151930",24445,"0000"
"151937",24435,"0000"
"151940",24445,"0000"
